UPDATE "CART_REQUEST_TOOL"."PERMISSION" SET ENABLED = 0, DELETED = 1;

INSERT INTO "CART_REQUEST_TOOL"."PERMISSION"(permission_id, name, created_user_id) VALUES(9, 'View/Read', 1);
INSERT INTO "CART_REQUEST_TOOL"."PERMISSION"(permission_id, name, created_user_id) VALUES(10, 'Create/Edit', 1);
INSERT INTO "CART_REQUEST_TOOL"."PERMISSION"(permission_id, name, created_user_id) VALUES(11, 'Delete', 1);

-- Updated resource names
DELETE FROM "CART_REQUEST_TOOL"."RESOURCE";

INSERT INTO "CART_REQUEST_TOOL"."RESOURCE" (RESOURCE_ID, NAME, CREATED_USER_ID) VALUES (1, 'New Cart Request',  1);
INSERT INTO "CART_REQUEST_TOOL"."RESOURCE" (RESOURCE_ID, NAME, CREATED_USER_ID) VALUES (2, 'Shopping Cart History',  1);
INSERT INTO "CART_REQUEST_TOOL"."RESOURCE" (RESOURCE_ID, NAME, CREATED_USER_ID) VALUES (3, 'Vendor Request / Inquiry',  1);
INSERT INTO "CART_REQUEST_TOOL"."RESOURCE" (RESOURCE_ID, NAME, CREATED_USER_ID) VALUES (4, 'GPO Info & Templates',  1);
INSERT INTO "CART_REQUEST_TOOL"."RESOURCE" (RESOURCE_ID, NAME, CREATED_USER_ID) VALUES (5, 'Training & Education',  1);
INSERT INTO "CART_REQUEST_TOOL"."RESOURCE" (RESOURCE_ID, NAME, CREATED_USER_ID) VALUES (6, 'Administration',  1);
INSERT INTO "CART_REQUEST_TOOL"."RESOURCE" (RESOURCE_ID, NAME, CREATED_USER_ID) VALUES (7, 'Need help? CRT Inquiry',  1);
INSERT INTO "CART_REQUEST_TOOL"."RESOURCE" (RESOURCE_ID, NAME, CREATED_USER_ID) VALUES (8, 'News Manager',  1);
INSERT INTO "CART_REQUEST_TOOL"."RESOURCE" (RESOURCE_ID, NAME, CREATED_USER_ID) VALUES (9, 'News Viewer',  1);
INSERT INTO "CART_REQUEST_TOOL"."RESOURCE" (RESOURCE_ID, NAME, CREATED_USER_ID) VALUES (10, 'Report Admin',  1);
INSERT INTO "CART_REQUEST_TOOL"."RESOURCE" (RESOURCE_ID, NAME, CREATED_USER_ID) VALUES (11, 'Report Requester',  1);
INSERT INTO "CART_REQUEST_TOOL"."RESOURCE" (RESOURCE_ID, NAME, CREATED_USER_ID) VALUES (12, 'Report Budget Owner',  1);
INSERT INTO "CART_REQUEST_TOOL"."RESOURCE" (RESOURCE_ID, NAME, CREATED_USER_ID) VALUES (13, 'Processing Report',  1);
INSERT INTO "CART_REQUEST_TOOL"."RESOURCE" (RESOURCE_ID, NAME, CREATED_USER_ID) VALUES (14, 'User access',  1);
INSERT INTO "CART_REQUEST_TOOL"."RESOURCE" (RESOURCE_ID, NAME, CREATED_USER_ID) VALUES (15, 'Reports',  1);

UPDATE "CART_REQUEST_TOOL"."RESOURCE" SET ENABLED = 0 WHERE NAME IN ('Report Admin', 'Report Requester', 'Report Budget Owner');

-- Delete existing role permissions
DELETE FROM "CART_REQUEST_TOOL"."ROLE_PERMISSION";

INSERT INTO "CART_REQUEST_TOOL"."ROLE_PERMISSION" (ROLE_ID, RESOURCE_ID, PERMISSION_ID, CREATED_USER_ID, ENABLED) VALUES (1,1,9,1,1);
INSERT INTO "CART_REQUEST_TOOL"."ROLE_PERMISSION" (ROLE_ID, RESOURCE_ID, PERMISSION_ID, CREATED_USER_ID, ENABLED) VALUES (1,2,9,1,1);
INSERT INTO "CART_REQUEST_TOOL"."ROLE_PERMISSION" (ROLE_ID, RESOURCE_ID, PERMISSION_ID, CREATED_USER_ID, ENABLED) VALUES (1,3,9,1,1);
INSERT INTO "CART_REQUEST_TOOL"."ROLE_PERMISSION" (ROLE_ID, RESOURCE_ID, PERMISSION_ID, CREATED_USER_ID, ENABLED) VALUES (1,4,9,1,1);
INSERT INTO "CART_REQUEST_TOOL"."ROLE_PERMISSION" (ROLE_ID, RESOURCE_ID, PERMISSION_ID, CREATED_USER_ID, ENABLED) VALUES (1,5,9,1,1);
INSERT INTO "CART_REQUEST_TOOL"."ROLE_PERMISSION" (ROLE_ID, RESOURCE_ID, PERMISSION_ID, CREATED_USER_ID, ENABLED) VALUES (1,6,9,1,1);
INSERT INTO "CART_REQUEST_TOOL"."ROLE_PERMISSION" (ROLE_ID, RESOURCE_ID, PERMISSION_ID, CREATED_USER_ID, ENABLED) VALUES (1,7,9,1,1);
INSERT INTO "CART_REQUEST_TOOL"."ROLE_PERMISSION" (ROLE_ID, RESOURCE_ID, PERMISSION_ID, CREATED_USER_ID, ENABLED) VALUES (1,8,9,1,1);
INSERT INTO "CART_REQUEST_TOOL"."ROLE_PERMISSION" (ROLE_ID, RESOURCE_ID, PERMISSION_ID, CREATED_USER_ID, ENABLED) VALUES (1,9,9,1,1);
INSERT INTO "CART_REQUEST_TOOL"."ROLE_PERMISSION" (ROLE_ID, RESOURCE_ID, PERMISSION_ID, CREATED_USER_ID, ENABLED) VALUES (1,10,9,1,1);
INSERT INTO "CART_REQUEST_TOOL"."ROLE_PERMISSION" (ROLE_ID, RESOURCE_ID, PERMISSION_ID, CREATED_USER_ID, ENABLED) VALUES (1,11,9,1,1);
INSERT INTO "CART_REQUEST_TOOL"."ROLE_PERMISSION" (ROLE_ID, RESOURCE_ID, PERMISSION_ID, CREATED_USER_ID, ENABLED) VALUES (1,12,9,1,1);
INSERT INTO "CART_REQUEST_TOOL"."ROLE_PERMISSION" (ROLE_ID, RESOURCE_ID, PERMISSION_ID, CREATED_USER_ID, ENABLED) VALUES (1,13,9,1,1);
INSERT INTO "CART_REQUEST_TOOL"."ROLE_PERMISSION" (ROLE_ID, RESOURCE_ID, PERMISSION_ID, CREATED_USER_ID, ENABLED) VALUES (1,14,9,1,1);
INSERT INTO "CART_REQUEST_TOOL"."ROLE_PERMISSION" (ROLE_ID, RESOURCE_ID, PERMISSION_ID, CREATED_USER_ID, ENABLED) VALUES (1,1,10,1,1);
INSERT INTO "CART_REQUEST_TOOL"."ROLE_PERMISSION" (ROLE_ID, RESOURCE_ID, PERMISSION_ID, CREATED_USER_ID, ENABLED) VALUES (1,2,10,1,1);
INSERT INTO "CART_REQUEST_TOOL"."ROLE_PERMISSION" (ROLE_ID, RESOURCE_ID, PERMISSION_ID, CREATED_USER_ID, ENABLED) VALUES (1,3,10,1,1);
INSERT INTO "CART_REQUEST_TOOL"."ROLE_PERMISSION" (ROLE_ID, RESOURCE_ID, PERMISSION_ID, CREATED_USER_ID, ENABLED) VALUES (1,4,10,1,1);
INSERT INTO "CART_REQUEST_TOOL"."ROLE_PERMISSION" (ROLE_ID, RESOURCE_ID, PERMISSION_ID, CREATED_USER_ID, ENABLED) VALUES (1,5,10,1,1);
INSERT INTO "CART_REQUEST_TOOL"."ROLE_PERMISSION" (ROLE_ID, RESOURCE_ID, PERMISSION_ID, CREATED_USER_ID, ENABLED) VALUES (1,6,10,1,1);
INSERT INTO "CART_REQUEST_TOOL"."ROLE_PERMISSION" (ROLE_ID, RESOURCE_ID, PERMISSION_ID, CREATED_USER_ID, ENABLED) VALUES (1,7,10,1,1);
INSERT INTO "CART_REQUEST_TOOL"."ROLE_PERMISSION" (ROLE_ID, RESOURCE_ID, PERMISSION_ID, CREATED_USER_ID, ENABLED) VALUES (1,8,10,1,1);
INSERT INTO "CART_REQUEST_TOOL"."ROLE_PERMISSION" (ROLE_ID, RESOURCE_ID, PERMISSION_ID, CREATED_USER_ID, ENABLED) VALUES (1,9,10,1,1);
INSERT INTO "CART_REQUEST_TOOL"."ROLE_PERMISSION" (ROLE_ID, RESOURCE_ID, PERMISSION_ID, CREATED_USER_ID, ENABLED) VALUES (1,10,10,1,1);
INSERT INTO "CART_REQUEST_TOOL"."ROLE_PERMISSION" (ROLE_ID, RESOURCE_ID, PERMISSION_ID, CREATED_USER_ID, ENABLED) VALUES (1,11,10,1,1);
INSERT INTO "CART_REQUEST_TOOL"."ROLE_PERMISSION" (ROLE_ID, RESOURCE_ID, PERMISSION_ID, CREATED_USER_ID, ENABLED) VALUES (1,12,10,1,1);
INSERT INTO "CART_REQUEST_TOOL"."ROLE_PERMISSION" (ROLE_ID, RESOURCE_ID, PERMISSION_ID, CREATED_USER_ID, ENABLED) VALUES (1,13,10,1,1);
INSERT INTO "CART_REQUEST_TOOL"."ROLE_PERMISSION" (ROLE_ID, RESOURCE_ID, PERMISSION_ID, CREATED_USER_ID, ENABLED) VALUES (1,14,10,1,1);
INSERT INTO "CART_REQUEST_TOOL"."ROLE_PERMISSION" (ROLE_ID, RESOURCE_ID, PERMISSION_ID, CREATED_USER_ID, ENABLED) VALUES (1,1,11,1,1);
INSERT INTO "CART_REQUEST_TOOL"."ROLE_PERMISSION" (ROLE_ID, RESOURCE_ID, PERMISSION_ID, CREATED_USER_ID, ENABLED) VALUES (1,2,11,1,1);
INSERT INTO "CART_REQUEST_TOOL"."ROLE_PERMISSION" (ROLE_ID, RESOURCE_ID, PERMISSION_ID, CREATED_USER_ID, ENABLED) VALUES (1,3,11,1,1);
INSERT INTO "CART_REQUEST_TOOL"."ROLE_PERMISSION" (ROLE_ID, RESOURCE_ID, PERMISSION_ID, CREATED_USER_ID, ENABLED) VALUES (1,4,11,1,1);
INSERT INTO "CART_REQUEST_TOOL"."ROLE_PERMISSION" (ROLE_ID, RESOURCE_ID, PERMISSION_ID, CREATED_USER_ID, ENABLED) VALUES (1,5,11,1,1);
INSERT INTO "CART_REQUEST_TOOL"."ROLE_PERMISSION" (ROLE_ID, RESOURCE_ID, PERMISSION_ID, CREATED_USER_ID, ENABLED) VALUES (1,6,11,1,1);
INSERT INTO "CART_REQUEST_TOOL"."ROLE_PERMISSION" (ROLE_ID, RESOURCE_ID, PERMISSION_ID, CREATED_USER_ID, ENABLED) VALUES (1,7,11,1,1);
INSERT INTO "CART_REQUEST_TOOL"."ROLE_PERMISSION" (ROLE_ID, RESOURCE_ID, PERMISSION_ID, CREATED_USER_ID, ENABLED) VALUES (1,8,11,1,1);
INSERT INTO "CART_REQUEST_TOOL"."ROLE_PERMISSION" (ROLE_ID, RESOURCE_ID, PERMISSION_ID, CREATED_USER_ID, ENABLED) VALUES (1,9,11,1,1);
INSERT INTO "CART_REQUEST_TOOL"."ROLE_PERMISSION" (ROLE_ID, RESOURCE_ID, PERMISSION_ID, CREATED_USER_ID, ENABLED) VALUES (1,10,11,1,1);
INSERT INTO "CART_REQUEST_TOOL"."ROLE_PERMISSION" (ROLE_ID, RESOURCE_ID, PERMISSION_ID, CREATED_USER_ID, ENABLED) VALUES (1,11,11,1,1);
INSERT INTO "CART_REQUEST_TOOL"."ROLE_PERMISSION" (ROLE_ID, RESOURCE_ID, PERMISSION_ID, CREATED_USER_ID, ENABLED) VALUES (1,12,11,1,1);
INSERT INTO "CART_REQUEST_TOOL"."ROLE_PERMISSION" (ROLE_ID, RESOURCE_ID, PERMISSION_ID, CREATED_USER_ID, ENABLED) VALUES (1,13,11,1,1);
INSERT INTO "CART_REQUEST_TOOL"."ROLE_PERMISSION" (ROLE_ID, RESOURCE_ID, PERMISSION_ID, CREATED_USER_ID, ENABLED) VALUES (1,14,11,1,1);


-- *************************************************************************************
-- Update schema version
INSERT INTO SCHEMA_VERSION(VERSION, DESCRIPTION, SCRIPT)
VALUES('V5.0.0-18', 'Changed role permissions', 'V201702071000__Changed_permissions.sql');

COMMIT;